,experiment,hour,date,device_make,browser,aware
0,1,2,2,4,2,0
1,1,16,1,13,1,1
2,1,8,3,13,1,0
3,0,4,5,43,4,1
4,0,15,0,13,1,0
5,1,2,7,13,1,0
6,0,15,0,13,1,1
7,1,6,2,19,2,0
8,0,15,0,13,1,0
9,1,14,0,13,1,0
10,0,15,0,24,4,0
11,1,13,6,65,4,1
12,1,20,6,25,2,0
13,1,6,2,13,1,1
14,1,20,5,13,1,0
15,0,2,3,87,2,0
16,0,16,1,13,1,1
17,0,15,0,42,7,0
18,1,8,6,13,1,0
19,0,20,6,64,4,1
20,1,11,1,76,2,1
21,1,19,2,13,1,0
22,1,5,7,13,1,0
23,1,2,2,13,2,1
24,0,15,4,13,1,1
25,0,15,0,72,4,0
26,0,15,0,5,4,1
27,1,1,6,13,1,1
28,0,18,5,13,1,1
29,1,0,2,13,2,0
30,1,20,6,66,7,0
31,0,19,1,13,1,1
32,0,22,5,13,1,0
33,1,20,5,13,2,1
34,1,6,5,13,1,1
35,0,15,0,13,1,1
36,0,19,2,13,1,0
37,1,6,2,68,4,0
38,1,3,4,94,7,0
39,1,15,7,13,1,1
40,1,20,5,13,1,1
41,1,20,5,13,1,1
42,1,19,6,103,4,0
43,0,15,0,13,1,0
44,1,21,5,13,1,1
45,1,21,2,13,1,1
46,0,10,2,68,4,1
47,1,5,1,68,2,0
48,0,15,0,13,1,0
49,0,14,5,13,1,1
50,1,22,5,13,1,0
51,0,8,3,54,4,0
52,0,15,0,43,2,1
53,1,21,5,47,2,1
54,0,15,0,21,1,1
55,1,21,5,13,2,0
56,1,0,1,46,2,1
57,1,3,2,13,1,1
58,1,16,7,13,1,0
59,1,2,7,66,4,0
60,0,15,0,66,2,1
61,0,15,0,1,4,0
62,1,16,5,13,1,1
63,0,2,6,13,1,0
64,0,15,0,13,1,1
65,1,0,6,54,7,0
66,1,14,6,13,1,0
67,0,15,0,33,4,0
68,1,8,6,13,1,0
69,0,15,0,72,7,0
70,1,6,6,48,7,1
71,0,15,0,13,1,0
72,0,15,0,68,7,1
73,0,15,0,13,1,0
74,0,0,2,13,1,1
75,0,12,6,13,1,1
76,0,15,2,13,1,0
77,1,14,6,13,2,1
78,0,12,7,13,1,0
79,0,21,1,54,4,0
80,0,22,5,66,4,1
81,1,10,0,13,1,0
82,0,3,4,13,1,1
83,0,13,7,72,7,1
84,1,8,0,44,2,1
85,0,2,7,51,7,0
86,0,9,7,13,1,0
87,0,15,0,64,4,1
88,1,17,5,13,1,0
89,1,9,0,13,2,1
90,0,15,0,13,1,0
91,1,15,5,13,2,1
92,0,15,6,13,1,0
93,1,0,0,13,1,0
94,1,17,7,13,1,1
95,0,15,0,13,1,1
96,0,15,0,13,1,0
97,0,10,2,13,1,0
98,1,16,6,13,1,0
99,1,12,7,13,1,0
100,1,19,6,13,1,1
101,0,15,0,56,2,1
102,1,9,1,13,1,1
103,0,15,0,81,7,0
104,1,11,2,13,2,0
105,0,5,7,13,1,1
106,0,15,0,29,4,1
107,0,15,0,13,1,0
108,0,15,0,40,4,0
109,1,10,1,13,1,0
110,0,15,0,81,7,1
111,1,6,6,19,2,0
112,1,5,7,25,2,0
113,1,19,6,14,1,0
114,1,16,1,88,2,1
115,0,15,0,13,1,1
116,1,1,0,13,1,0
117,0,19,0,114,5,0
118,0,8,4,13,2,0
119,1,15,7,61,2,1
120,1,12,0,104,4,0
121,0,15,0,111,2,0
122,1,19,2,13,1,0
123,0,14,6,13,1,0
124,0,15,0,13,1,1
125,1,9,1,13,1,0
126,1,0,3,33,2,1
127,1,7,3,76,4,0
128,1,17,5,13,1,1
129,0,8,3,51,2,0
130,0,10,6,13,1,0
131,1,3,3,13,1,0
132,0,3,3,26,1,1
133,1,20,5,13,1,0
134,0,16,4,33,4,0
135,1,5,5,6,4,0
136,0,15,0,18,0,0
137,0,15,0,43,7,0
138,1,23,4,13,1,1
139,0,20,5,13,1,0
140,1,17,5,67,2,0
141,1,8,2,13,1,0
142,1,7,5,58,7,0
143,0,16,5,13,1,1
144,0,15,0,13,1,1
145,1,22,2,51,2,0
146,1,16,1,13,1,1
147,1,2,6,66,2,1
148,0,15,0,66,4,1
149,1,16,1,61,2,0
150,1,13,6,13,1,0
151,1,20,4,47,2,1
152,0,4,2,13,1,1
153,1,8,6,13,1,1
154,1,14,1,68,2,1
155,1,8,1,27,2,1
156,1,16,5,13,1,0
157,0,15,0,13,1,0
158,1,0,7,13,1,1
159,1,8,0,114,5,0
160,0,15,0,13,1,0
161,0,4,2,68,4,0
162,0,15,1,64,7,0
163,1,1,3,48,2,1
164,0,3,1,86,7,1
165,1,6,0,27,2,1
166,0,15,0,73,7,1
167,1,16,1,13,1,1
168,0,15,0,103,4,0
169,0,15,0,13,1,1
170,0,15,7,13,4,1
171,1,13,2,69,7,1
172,1,7,0,22,2,0
173,0,16,7,13,1,1
174,1,9,6,13,2,0
175,1,13,6,27,2,1
176,0,15,0,13,1,0
177,1,5,6,13,1,1
178,1,7,2,13,1,0
179,1,2,1,13,1,0
180,1,6,1,13,1,1
181,0,15,0,64,2,1
182,1,22,6,13,1,1
183,1,2,0,26,1,0
184,1,18,5,66,2,0
185,0,15,0,13,1,1
186,0,15,0,13,1,1
187,1,4,2,23,2,0
188,0,7,7,66,4,0
189,0,20,4,13,1,1
190,1,18,5,62,2,1
191,0,15,6,46,7,0
192,1,2,7,27,2,0
193,0,15,0,2,1,0
194,1,9,7,13,1,0
195,0,6,6,13,1,1
196,0,22,6,13,1,1
197,0,15,0,83,7,0
198,1,11,7,41,7,1
199,0,9,7,66,2,0
200,1,20,5,13,1,1
201,0,5,2,13,1,0
202,0,18,6,13,1,0
203,0,15,0,71,7,0
204,1,16,2,13,2,0
205,1,6,6,13,1,0
206,0,9,7,13,1,1
207,0,8,3,13,1,1
208,0,15,0,13,1,0
209,1,7,6,77,4,1
210,1,3,6,13,1,1
211,0,15,0,65,7,1
212,1,10,0,13,1,1
213,1,14,1,13,1,1
214,0,15,0,72,4,0
215,1,15,5,104,4,0
216,0,15,0,54,4,0
217,1,8,3,13,1,1
218,1,17,5,21,2,1
219,1,1,7,13,1,0
220,0,15,0,54,4,1
221,0,15,0,36,4,1
222,1,8,2,90,2,1
223,0,3,1,13,1,0
224,0,19,5,13,1,0
225,1,15,5,13,1,1
226,1,11,4,13,1,0
227,1,9,6,13,1,1
228,1,14,6,13,1,1
229,0,9,1,13,1,0
230,0,6,1,13,1,0
231,0,2,1,13,1,1
232,0,3,7,13,1,0
233,1,13,6,13,4,0
234,1,12,2,13,1,0
235,1,19,5,68,7,1
236,0,6,4,13,1,0
237,0,15,0,13,4,1
238,1,20,4,94,2,0
239,0,6,7,13,1,1
240,1,15,2,66,2,1
241,1,19,1,13,1,1
242,1,9,0,13,1,1
243,1,11,6,13,1,0
244,0,2,3,13,4,0
245,1,1,7,17,1,0
246,0,8,2,60,7,0
247,1,3,3,13,1,0
248,0,3,4,82,4,0
249,0,18,5,13,1,0
250,1,16,5,42,2,0
251,0,18,5,13,1,0
252,1,15,5,13,2,0
253,0,15,0,55,4,1
254,0,0,7,26,1,1
255,1,4,6,73,2,0
256,1,0,0,13,1,0
257,0,5,2,13,1,0
258,1,6,7,5,2,1
259,1,1,3,13,1,0
260,1,7,0,13,1,0
261,0,14,1,13,1,0
262,1,3,3,71,7,1
263,1,7,0,13,1,0
264,1,1,0,81,7,0
265,1,10,6,13,1,1
266,1,7,1,13,1,0
267,0,10,6,19,4,0
268,0,15,0,33,4,1
269,0,8,6,13,1,0
270,0,10,7,12,4,0
271,1,10,0,72,7,0
272,0,10,2,13,1,1
273,1,8,7,73,2,1
274,0,15,0,13,1,1
275,0,15,0,66,4,1
276,0,18,2,79,1,0
277,0,20,1,71,4,1
278,1,17,2,13,1,0
279,1,14,1,13,1,1
280,0,10,4,13,1,0
281,1,8,6,13,1,0
282,1,6,6,68,7,1
283,0,7,5,13,1,0
284,1,21,6,113,2,1
285,1,13,5,13,1,1
286,0,8,1,13,1,1
287,1,5,6,13,1,0
288,1,19,5,13,1,0
289,0,14,6,13,1,0
290,0,5,2,13,1,0
291,1,6,6,13,1,1
292,1,13,1,66,4,0
293,0,11,6,13,1,1
294,0,15,0,13,1,1
295,1,18,6,68,2,1
296,1,10,1,13,1,1
297,1,20,5,85,7,0
298,1,10,2,13,1,0
299,0,8,1,110,4,0
300,1,18,5,13,1,0
301,1,9,0,13,2,0
302,1,9,3,13,1,0
303,1,3,7,13,2,0
304,0,12,7,1,4,1
305,0,8,4,67,2,1
306,1,15,5,39,4,0
307,0,19,6,97,4,0
308,0,6,7,72,2,1
309,1,2,1,13,2,0
310,1,7,3,68,7,0
311,0,10,4,13,1,1
312,1,16,1,65,7,0
313,0,21,5,21,1,1
314,0,15,0,13,1,0
315,0,12,6,42,1,0
316,1,12,2,13,1,0
317,0,2,7,13,1,1
318,0,15,0,13,1,0
319,1,10,0,87,7,1
320,0,15,0,13,1,0
321,0,15,0,13,1,1
322,0,15,0,13,1,0
323,0,2,5,13,1,0
324,1,2,4,13,1,0
325,1,8,6,13,2,0
326,1,17,4,75,7,0
327,0,15,0,1,4,1
328,1,8,1,13,1,0
329,1,16,5,13,2,0
330,0,4,7,13,1,1
331,0,4,6,26,1,0
332,1,10,6,65,4,0
333,0,15,0,78,4,1
334,1,7,2,21,2,0
335,0,21,5,47,4,1
336,0,15,0,47,7,1
337,1,15,6,13,1,0
338,1,10,0,73,2,0
339,0,15,0,13,1,1
340,1,0,2,13,1,1
341,0,0,6,13,1,0
342,1,0,6,13,1,0
343,1,11,7,13,1,0
344,1,16,5,13,1,1
345,0,5,7,43,7,0
346,1,4,1,13,2,0
347,1,8,2,13,1,0
348,0,15,0,51,4,0
349,1,15,5,13,1,0
350,1,3,7,13,1,0
351,1,12,2,18,0,1
352,0,8,7,54,7,1
353,0,1,2,41,7,0
354,0,15,7,13,1,0
355,1,7,0,13,1,1
356,1,8,6,24,2,0
357,0,7,6,79,4,0
358,1,18,5,70,4,0
359,1,8,0,13,1,0
360,1,6,0,54,7,1
361,0,22,5,13,1,1
362,0,17,4,13,1,1
363,1,1,0,13,1,1
364,1,3,1,13,1,0
365,0,15,0,68,4,0
366,1,14,6,27,2,0
367,1,11,6,13,1,0
368,1,17,5,13,1,1
369,1,10,1,61,2,0
370,0,16,7,46,7,1
371,0,15,0,114,5,0
372,0,15,0,114,6,0
373,1,3,3,13,1,0
374,0,8,5,72,4,1
375,0,19,1,13,1,0
376,0,15,0,13,1,0
377,1,16,6,13,1,0
378,1,19,4,68,7,1
379,1,7,0,13,1,0
380,1,16,6,75,2,1
381,1,16,6,13,1,0
382,0,15,0,13,1,0
383,0,15,0,13,1,1
384,1,9,2,27,2,1
385,1,0,4,25,2,0
386,1,6,3,13,1,1
387,0,15,0,13,1,0
388,1,10,3,13,1,1
389,1,6,3,13,1,1
390,1,5,0,13,2,1
391,0,15,0,13,1,0
392,0,15,0,13,1,0
393,0,15,0,71,7,1
394,1,13,2,13,1,1
395,0,3,4,13,1,0
396,0,13,1,13,1,0
397,1,9,0,13,1,0
398,0,0,3,105,2,0
399,1,11,2,13,1,1
400,1,12,6,13,1,0
401,0,14,5,13,1,0
402,1,23,1,13,1,1
403,0,1,6,13,1,1
404,0,15,0,46,7,1
405,0,15,0,13,1,1
406,1,14,0,13,1,0
407,0,10,6,72,4,0
408,1,8,2,68,7,0
409,1,18,4,13,1,0
410,1,14,5,13,1,1
411,0,15,0,13,1,0
412,0,11,2,13,1,1
413,0,15,0,13,1,1
414,1,7,6,13,1,1
415,1,21,5,21,1,1
416,1,15,2,42,7,0
417,1,17,6,13,1,0
418,0,14,7,13,1,0
419,1,7,5,94,2,0
420,1,15,5,13,1,1
421,0,19,5,13,1,0
422,0,15,0,13,1,1
423,1,15,5,13,1,0
424,1,9,4,13,1,1
425,1,22,4,13,1,1
426,1,3,4,72,7,0
427,0,15,0,72,4,1
428,0,9,6,13,1,0
429,0,16,5,47,7,1
430,0,3,1,13,1,0
431,1,18,5,13,1,0
432,1,11,0,13,1,0
433,1,22,5,68,4,0
434,0,15,0,13,1,1
435,1,10,0,13,1,1
436,1,4,7,64,2,1
437,1,8,2,68,1,0
438,1,16,1,13,1,0
439,0,15,0,64,7,1
440,1,8,0,13,1,1
441,1,11,2,46,7,0
442,1,6,1,13,1,1
443,1,15,5,13,1,0
444,1,6,2,13,1,0
445,1,14,1,2,4,0
446,1,10,1,13,1,1
447,1,9,3,13,1,0
448,1,9,1,13,1,1
449,1,17,1,13,1,0
450,0,12,1,13,2,0
451,1,12,7,41,7,0
452,1,16,7,13,1,0
453,1,14,4,13,2,0
454,0,11,1,66,7,1
455,1,12,6,13,1,1
456,0,13,6,68,4,0
457,0,8,4,13,1,1
458,1,19,1,13,1,0
459,0,15,0,13,1,0
460,1,20,6,54,4,0
461,0,14,5,51,4,0
462,0,10,6,68,4,1
463,1,11,6,13,1,0
464,0,15,0,13,1,1
465,1,8,0,13,1,1
466,1,12,0,13,1,0
467,0,3,1,114,5,1
468,0,15,0,41,7,1
469,0,14,5,68,7,0
470,1,10,2,72,2,1
471,0,15,0,13,1,0
472,0,14,1,53,7,1
473,1,0,2,13,1,0
474,0,12,6,13,1,1
475,1,10,0,13,1,0
476,1,11,0,13,1,0
477,0,15,0,13,1,1
478,0,15,0,24,4,1
479,0,15,0,13,1,0
480,1,8,0,13,1,0
481,0,5,3,13,1,0
482,0,15,0,13,1,0
483,1,4,6,43,2,0
484,0,15,0,13,1,0
485,1,9,2,86,7,1
486,1,4,1,13,1,0
487,1,18,5,13,1,1
488,0,7,1,71,7,0
489,0,4,7,13,1,0
490,1,10,3,93,4,1
491,0,15,0,23,4,0
492,1,20,5,100,2,1
493,1,15,7,13,1,0
494,1,8,0,13,1,0
495,0,8,1,68,4,1
496,0,15,0,45,7,1
497,0,15,1,72,4,1
498,0,15,0,72,4,1
499,0,15,0,13,1,0
500,1,10,0,47,2,0
501,1,4,3,13,1,1
502,1,5,2,66,2,1
503,1,11,1,26,1,1
504,0,21,1,13,1,1
505,1,9,0,92,2,0
506,1,5,5,13,1,1
507,0,15,0,13,1,1
508,0,18,2,68,4,1
509,0,11,1,13,1,1
510,0,9,4,13,1,1
511,0,18,5,74,4,0
512,0,15,0,13,1,1
513,0,4,7,13,1,1
514,1,11,2,13,1,0
515,0,18,6,71,7,1
516,1,10,2,13,1,0
517,0,6,1,13,1,0
518,0,4,2,73,2,1
519,0,15,0,64,7,1
520,0,15,0,13,1,1
521,1,8,5,13,1,0
522,1,4,3,13,1,1
523,0,15,0,13,1,0
524,0,0,1,108,4,1
525,0,5,1,27,1,0
526,0,2,1,13,1,0
527,0,15,0,13,1,0
528,0,16,6,95,4,0
529,0,15,0,13,1,0
530,0,6,3,76,7,1
531,1,11,0,13,1,0
532,0,20,5,13,1,0
533,1,6,1,5,4,1
534,0,20,5,5,4,0
535,0,17,7,6,4,1
536,0,5,4,13,1,0
537,0,13,5,73,4,0
538,0,15,0,64,7,0
539,1,7,3,13,1,0
540,1,4,7,13,1,1
541,1,13,0,13,1,1
542,1,15,1,13,1,0
543,1,17,6,49,2,1
544,0,15,0,13,1,1
545,1,15,1,13,2,0
546,1,7,6,13,1,1
547,0,15,0,66,4,0
548,0,14,2,23,4,1
549,1,8,3,13,1,0
550,1,7,3,13,1,0
551,0,22,6,13,2,1
552,0,20,1,81,7,0
553,1,8,1,13,2,0
554,0,16,7,13,1,0
555,0,8,3,43,7,1
556,0,15,0,13,1,1
557,0,12,1,27,4,0
558,1,3,2,114,5,1
559,0,8,7,72,2,1
560,1,15,7,66,7,0
561,0,10,3,13,1,1
562,1,3,1,26,1,1
563,1,2,7,13,1,0
564,0,2,6,13,1,0
565,1,22,4,13,1,1
566,1,7,0,13,2,1
567,1,7,2,73,7,1
568,1,19,5,13,1,0
569,1,19,6,42,7,0
570,1,21,5,66,4,0
571,1,0,0,13,1,1
572,1,17,6,13,1,1
573,0,15,0,87,7,0
574,1,3,0,73,2,1
575,1,21,6,73,7,0
576,0,1,3,23,4,0
577,1,13,0,56,2,1
578,0,5,1,13,1,1
579,0,13,4,13,1,0
580,1,7,2,13,2,0
581,1,13,2,66,7,0
582,0,5,2,2,2,0
583,1,12,5,13,1,1
584,0,17,6,13,1,1
585,1,8,3,66,2,0
586,0,9,1,13,1,0
587,0,18,5,13,1,0
588,0,17,5,13,1,1
589,1,13,7,44,2,0
590,1,14,4,68,7,0
591,1,18,6,13,1,0
592,1,5,3,48,7,0
593,0,21,2,13,1,0
594,0,15,5,13,1,1
595,0,15,0,13,1,0
596,1,9,4,13,1,1
597,1,9,0,13,1,0
598,0,0,4,13,1,0
599,1,11,6,33,2,0
600,1,22,5,75,4,0
601,0,15,7,42,7,1
602,0,15,0,50,2,0
603,0,15,2,13,1,1
604,1,13,5,13,1,0
605,1,6,1,34,2,0
606,0,7,7,13,1,0
607,0,15,0,13,1,0
608,1,10,1,69,4,1
609,1,14,6,13,1,0
610,0,19,5,13,1,1
611,0,15,0,13,1,1
612,1,6,2,13,1,1
613,0,15,0,13,1,0
614,0,18,5,43,7,1
615,1,2,3,13,1,1
616,1,14,7,13,4,1
617,1,8,0,62,2,1
618,1,10,6,13,1,0
619,1,16,5,13,1,1
620,1,3,5,13,1,0
621,1,5,5,114,5,0
622,1,12,6,13,1,0
623,0,6,1,68,4,1
624,0,9,3,13,1,0
625,0,0,7,66,4,0
626,0,20,6,13,1,1
627,1,7,7,13,1,0
628,1,7,7,15,1,1
629,0,16,5,64,2,1
630,0,15,0,13,1,1
631,1,16,2,13,1,1
632,1,15,7,13,1,1
633,1,10,3,19,2,1
634,1,1,7,13,1,0
635,1,9,0,0,2,1
636,1,14,7,94,7,0
637,1,14,1,13,1,0
638,1,18,6,81,7,1
639,1,14,1,13,1,0
640,0,15,0,46,7,0
641,0,15,0,93,2,0
642,1,5,6,13,1,0
643,1,1,7,13,1,0
644,0,7,2,13,1,1
645,1,7,2,13,1,0
646,0,15,5,47,7,0
647,1,18,5,13,1,0
648,1,10,1,21,1,1
649,1,20,5,13,1,1
650,1,10,1,13,1,0
651,1,22,5,13,1,1
652,1,9,1,48,7,0
653,1,9,4,61,7,0
654,0,21,6,13,1,1
655,1,4,4,13,1,0
656,1,15,5,24,1,1
657,0,13,6,77,2,0
658,0,15,0,48,4,1
659,1,5,0,13,1,1
660,0,15,0,72,7,0
661,1,10,0,9,2,0
662,1,5,3,13,1,0
663,1,10,2,19,2,0
664,0,11,1,13,1,0
665,1,15,6,13,2,1
666,1,15,7,13,1,1
667,0,15,0,13,1,0
668,1,1,3,13,1,0
669,0,15,0,13,1,0
670,1,4,2,13,1,0
671,0,15,0,13,1,0
672,1,5,5,13,1,1
673,1,14,5,13,1,1
674,0,15,0,68,2,0
675,1,9,0,43,2,1
676,0,15,0,13,1,1
677,0,10,4,22,2,0
678,1,12,5,59,2,0
679,0,15,0,13,1,1
680,1,14,4,13,1,1
681,1,1,6,13,1,0
682,1,4,3,13,1,0
683,1,10,1,1,2,0
684,1,1,7,58,2,0
685,0,4,4,13,1,0
686,1,12,4,13,1,1
687,0,20,5,13,1,0
688,0,4,6,13,1,1
689,0,4,1,13,1,0
690,1,0,7,13,2,1
691,0,14,7,114,6,0
692,1,12,7,13,1,0
693,1,7,5,47,2,0
694,0,14,6,13,1,1
695,0,15,7,68,4,1
696,0,12,6,66,4,1
697,0,7,2,74,4,1
698,0,7,7,13,2,0
699,0,12,1,114,5,0
700,1,21,4,13,1,0
701,1,17,4,50,2,0
702,0,15,0,75,4,0
703,1,19,5,13,2,0
704,1,21,4,42,4,1
705,0,15,0,23,4,0
706,1,6,1,13,1,0
707,1,11,1,66,2,1
708,1,11,1,13,1,0
709,0,22,1,21,4,1
710,0,1,6,83,7,1
711,1,16,6,69,7,0
712,1,14,1,88,2,1
713,1,18,5,26,1,1
714,1,20,4,13,1,1
715,0,2,2,13,1,0
716,0,15,0,13,1,0
717,1,4,2,13,1,0
718,1,19,1,13,1,1
719,0,17,1,13,1,1
720,0,8,7,64,2,1
721,1,7,7,13,1,0
722,0,15,0,68,4,0
723,0,1,3,114,5,0
724,0,15,0,13,1,1
725,1,2,7,13,1,0
726,0,15,0,13,1,1
727,0,1,6,13,1,0
728,0,1,6,20,1,1
729,1,5,4,13,1,0
730,1,17,5,61,2,1
731,1,3,6,13,1,0
732,1,14,4,46,7,0
733,1,18,5,13,1,1
734,0,15,0,68,4,0
735,1,20,5,13,1,1
736,0,4,3,13,1,1
737,1,20,5,13,1,0
738,0,21,2,13,1,1
739,1,15,1,13,1,0
740,0,3,7,102,2,0
741,0,10,3,13,1,0
742,0,15,0,13,1,1
743,1,14,1,69,2,1
744,0,6,4,13,1,1
745,1,19,5,68,2,1
746,0,15,0,13,1,1
747,1,22,5,13,1,0
748,1,6,4,48,2,0
749,1,20,6,2,4,0
750,1,11,1,13,1,1
751,1,23,6,13,1,1
752,0,7,3,13,1,0
753,1,14,2,13,1,1
754,0,11,1,52,7,1
755,0,17,1,13,1,0
756,0,15,0,68,2,0
757,1,6,3,13,1,1
758,0,18,5,13,1,0
759,1,18,5,66,2,1
760,0,15,0,13,1,1
761,0,15,0,21,2,0
762,1,5,0,109,2,1
763,1,18,5,66,2,1
764,0,9,7,13,1,1
765,1,7,6,68,2,1
766,1,19,5,13,1,1
767,0,7,3,27,2,1
768,0,12,2,13,1,0
769,1,1,4,68,2,0
770,1,3,7,13,1,1
771,1,19,1,65,7,0
772,0,15,0,13,1,1
773,1,19,4,13,1,1
774,1,7,2,38,2,0
775,1,5,1,13,1,1
776,0,11,6,87,7,0
777,0,15,7,41,7,1
778,1,11,4,13,1,0
779,1,4,7,19,4,0
780,0,5,6,68,2,1
781,0,15,0,13,1,0
782,0,8,1,13,1,1
783,1,13,1,10,2,1
784,0,15,0,68,7,1
785,0,15,0,47,7,0
786,0,15,0,13,1,1
787,1,4,5,13,1,1
788,0,9,6,114,5,1
789,0,15,0,64,7,0
790,1,11,0,13,4,1
791,1,18,6,13,1,0
792,0,11,7,13,1,0
793,1,4,7,13,1,1
794,1,12,0,13,1,0
795,1,17,6,69,2,1
796,0,5,7,36,4,1
797,1,7,2,13,1,0
798,0,15,0,13,1,0
799,0,7,7,66,2,0
800,1,22,6,53,2,1
801,0,21,4,13,1,0
802,0,5,2,13,1,1
803,1,14,2,13,1,1
804,1,0,7,73,4,1
805,0,15,0,114,5,0
806,1,16,5,13,1,1
807,1,21,5,66,2,1
808,1,14,0,65,2,0
809,1,15,5,13,1,1
810,1,6,6,13,1,0
811,0,17,5,13,1,0
812,1,12,1,44,4,0
813,0,9,6,42,7,1
814,0,19,5,42,7,1
815,1,12,6,13,1,0
816,0,15,0,13,1,1
817,1,9,4,13,4,0
818,1,17,5,13,1,0
819,1,11,6,13,1,1
820,1,13,1,13,1,0
821,0,21,4,13,1,1
822,0,12,7,21,1,1
823,1,21,5,13,1,0
824,1,5,7,13,1,0
825,1,17,5,13,1,0
826,0,16,2,67,4,1
827,1,16,5,13,1,1
828,1,5,5,35,2,0
829,0,15,0,47,7,1
830,1,7,5,13,1,1
831,0,13,7,13,1,0
832,1,12,1,13,1,0
833,1,6,4,13,2,1
834,1,5,2,13,1,1
835,1,3,0,68,2,0
836,1,10,3,66,2,0
837,0,15,0,7,2,0
838,1,7,1,30,2,1
839,1,6,1,66,2,0
840,0,15,0,60,7,0
841,1,17,6,47,7,0
842,0,4,3,13,1,0
843,1,2,0,13,1,1
844,0,11,6,43,7,1
845,1,15,5,13,1,1
846,0,22,5,72,4,0
847,1,11,0,48,2,0
848,1,13,1,13,1,1
849,1,12,4,13,1,0
850,1,2,0,13,1,1
851,1,20,5,13,1,1
852,0,15,0,13,1,0
853,1,21,6,13,1,0
854,0,15,0,13,1,1
855,1,3,6,13,1,1
856,1,7,0,98,2,1
857,0,0,3,36,4,1
858,0,15,0,69,4,0
859,1,20,5,13,1,1
860,0,15,0,42,1,1
861,0,8,4,81,7,0
862,0,18,6,13,1,0
863,0,15,0,13,1,0
864,0,14,5,43,2,0
865,1,13,0,13,1,1
866,1,19,5,13,1,0
867,0,14,4,13,1,0
868,1,12,2,68,4,1
869,1,6,7,13,1,1
870,0,15,0,13,1,0
871,1,13,6,37,2,1
872,0,9,1,65,4,0
873,1,18,2,13,1,1
874,1,2,4,72,7,0
875,0,0,7,68,4,0
876,1,14,5,68,2,1
877,1,10,6,13,1,0
878,1,18,5,87,2,0
879,1,0,5,13,1,0
880,0,13,5,13,1,1
881,0,15,0,13,1,0
882,1,1,4,97,2,1
883,1,12,0,48,2,0
884,0,15,0,13,1,0
885,0,11,1,21,1,1
886,1,2,7,13,1,1
887,1,15,5,38,2,0
888,1,0,7,13,1,0
889,0,13,4,13,1,1
890,0,0,6,48,2,1
891,0,12,6,13,1,0
892,1,17,1,13,1,0
893,1,6,0,13,1,1
894,0,11,5,93,4,0
895,1,6,1,41,2,0
896,1,4,2,13,1,0
897,1,5,5,13,1,0
898,0,15,0,47,7,0
899,0,3,2,13,1,1
900,1,0,7,43,2,1
901,1,16,5,13,1,1
902,1,8,6,13,1,1
903,0,15,0,13,1,1
904,0,15,0,13,1,0
905,0,15,0,78,2,0
906,1,15,2,13,1,1
907,1,9,3,13,1,1
908,0,6,6,13,1,0
909,1,17,1,73,7,1
910,0,15,0,13,1,1
911,0,1,1,13,1,0
912,0,15,0,62,2,0
913,1,19,5,13,1,1
914,0,20,1,13,1,1
915,1,13,6,13,1,0
916,1,22,5,13,1,0
917,1,9,6,13,1,0
918,1,15,7,13,1,0
919,1,16,5,43,2,0
920,0,15,0,13,1,0
921,1,4,3,13,1,1
922,1,6,1,69,2,1
923,0,9,6,43,2,1
924,1,10,4,13,1,1
925,0,11,1,13,1,1
926,1,20,6,13,1,1
927,1,12,0,31,2,1
928,1,2,1,1,4,1
929,1,20,5,13,1,1
930,1,10,0,71,2,1
931,0,10,1,3,4,0
932,1,8,0,60,2,1
933,0,12,1,13,1,0
934,0,15,0,13,1,0
935,1,7,1,13,1,1
936,0,19,5,13,1,0
937,0,15,0,54,4,1
938,0,19,4,13,1,1
939,0,15,0,42,7,0
940,0,17,6,13,1,0
941,0,15,0,13,1,0
942,1,9,6,13,2,1
943,0,15,0,114,5,0
944,1,8,1,86,7,1
945,0,15,0,13,1,0
946,0,3,7,13,1,0
947,0,15,0,13,1,1
948,0,15,0,13,1,0
949,0,16,5,13,1,1
950,1,3,0,13,1,0
951,0,5,6,68,7,1
952,1,13,4,13,2,1
953,1,9,6,25,2,0
954,1,9,7,13,4,1
955,1,20,5,79,7,1
956,1,3,7,13,1,0
957,0,12,2,77,7,0
958,0,10,4,64,7,1
959,0,18,2,13,1,0
960,1,12,2,13,1,1
961,1,22,5,13,1,0
962,0,8,6,13,1,0
963,0,10,2,68,2,0
964,0,13,1,52,7,0
965,0,4,2,13,1,0
966,0,5,5,13,1,0
967,1,7,0,13,1,1
968,0,10,3,13,1,1
969,0,21,5,13,1,1
970,0,11,1,114,5,0
971,0,19,6,68,7,1
972,1,9,4,13,2,1
973,1,21,6,68,2,1
974,0,1,7,33,4,1
975,0,13,1,13,1,0
976,1,16,5,69,2,1
977,1,9,0,13,1,0
978,1,6,3,13,1,1
979,1,5,3,81,7,0
980,0,19,6,13,1,0
981,0,5,4,26,1,0
982,0,8,2,65,7,0
983,1,6,7,13,4,0
984,1,13,0,13,1,1
985,1,3,1,13,1,0
986,0,15,0,64,7,1
987,1,9,7,68,7,0
988,0,15,0,73,4,0
989,0,20,5,13,1,1
990,0,23,5,104,4,1
991,0,15,0,13,1,0
992,0,15,0,13,1,0
993,1,11,7,13,1,0
994,1,20,1,13,2,1
995,0,15,0,13,1,0
996,0,3,5,51,7,0
997,0,6,7,66,4,0
998,0,15,5,13,1,0
999,0,15,0,13,1,0
1000,0,9,2,13,1,1
1001,1,10,7,26,1,0
1002,1,0,6,16,1,1
1003,1,21,6,13,1,0
1004,0,17,2,13,1,0
1005,1,7,3,66,4,1
1006,1,7,1,13,1,0
1007,1,0,6,45,7,1
1008,0,15,0,13,1,0
1009,0,12,6,13,1,1
1010,0,15,0,52,7,1
1011,1,6,2,13,1,1
1012,1,18,6,13,1,1
1013,1,0,0,13,2,1
1014,1,20,6,13,1,1
1015,1,20,5,48,2,1
1016,0,16,2,13,1,1
1017,0,9,1,13,1,1
1018,1,15,5,34,4,0
1019,1,10,1,13,1,0
1020,0,9,4,13,1,1
1021,0,4,6,13,1,0
1022,0,9,3,54,2,0
1023,0,15,0,68,4,0
1024,0,15,0,47,7,0
1025,0,15,0,91,2,0
1026,0,15,0,13,1,0
1027,0,15,0,13,1,1
1028,1,14,0,13,1,1
1029,1,4,3,62,2,1
1030,1,13,0,28,2,1
1031,0,10,4,13,1,0
1032,1,10,3,13,1,0
1033,1,7,1,11,2,1
1034,1,16,5,13,1,0
1035,1,11,6,13,1,0
1036,1,22,6,13,1,0
1037,1,18,2,86,7,1
1038,0,1,2,66,7,0
1039,0,9,1,86,7,0
1040,0,15,0,46,4,0
1041,1,2,6,114,5,0
1042,0,15,0,13,1,1
1043,1,21,4,36,2,1
1044,1,1,0,52,2,1
1045,1,3,3,13,1,1
1046,1,14,2,43,7,1
1047,0,15,0,65,7,1
1048,0,16,6,13,1,1
1049,0,20,1,13,1,0
1050,1,7,4,13,1,1
1051,0,15,1,66,4,0
1052,1,8,4,13,1,0
1053,1,13,4,53,4,1
1054,1,11,1,53,2,0
1055,0,15,0,107,4,0
1056,0,12,1,1,4,0
1057,1,18,5,13,1,1
1058,1,8,0,13,1,1
1059,0,10,5,13,1,1
1060,0,20,6,72,4,0
1061,1,20,1,13,1,1
1062,1,9,3,13,1,1
1063,1,4,7,44,2,0
1064,0,11,1,13,1,1
1065,0,15,0,13,1,1
1066,0,4,1,13,1,1
1067,1,17,6,63,2,0
1068,0,21,5,8,2,1
1069,0,7,4,26,1,0
1070,0,20,1,106,4,0
1071,0,15,0,13,1,1
1072,1,18,6,13,1,0
1073,0,5,6,114,5,1
1074,0,15,0,52,7,0
1075,1,7,0,62,2,0
1076,0,21,5,13,1,1
1077,0,16,1,13,1,1
1078,0,5,7,13,1,0
1079,1,14,2,21,2,1
1080,1,10,6,67,7,1
1081,0,21,5,13,1,1
1082,0,6,7,13,1,1
1083,0,15,0,77,7,1
1084,0,5,2,13,1,0
1085,1,18,1,13,1,1
1086,1,7,5,97,4,1
1087,1,15,5,43,7,0
1088,1,13,5,43,2,0
1089,1,19,5,13,2,0
1090,0,19,5,68,2,0
1091,0,15,0,13,1,0
1092,0,15,0,43,7,0
1093,0,9,6,32,4,1
1094,1,8,2,13,1,0
1095,1,18,5,22,4,0
1096,0,7,4,13,1,1
1097,0,11,1,71,4,1
1098,0,14,1,13,1,0
1099,0,15,0,13,1,0
1100,1,8,6,71,2,1
1101,0,15,0,13,1,0
1102,1,7,5,13,1,1
1103,0,15,0,13,1,0
1104,1,23,6,13,1,1
1105,1,10,0,84,2,1
1106,1,20,6,13,1,1
1107,0,15,0,13,1,1
1108,0,3,7,80,2,0
1109,0,14,6,72,4,0
1110,1,19,2,48,2,1
1111,1,5,7,69,2,1
1112,1,15,1,13,1,0
1113,1,5,3,13,1,0
1114,1,7,3,31,2,0
1115,1,12,1,68,7,0
1116,1,6,6,13,1,0
1117,1,8,7,13,1,1
1118,0,15,0,13,2,0
1119,1,6,3,13,1,0
1120,0,21,6,13,1,0
1121,1,11,0,13,1,0
1122,0,9,4,65,4,1
1123,0,5,2,13,1,0
1124,1,8,5,57,7,0
1125,0,15,0,13,1,0
1126,1,7,0,13,1,1
1127,0,14,7,101,4,0
1128,1,8,3,37,2,1
1129,0,8,3,13,1,1
1130,1,1,0,13,1,0
1131,1,9,3,73,2,0
1132,0,1,3,87,7,0
1133,1,3,2,66,2,0
1134,0,11,1,114,3,1
1135,1,9,2,13,1,0
1136,0,15,0,76,4,1
1137,1,13,0,13,2,0
1138,0,15,0,13,1,0
1139,1,2,3,26,1,1
1140,0,15,0,69,2,1
1141,0,14,5,13,1,0
1142,1,4,7,94,2,1
1143,1,3,2,13,1,1
1144,0,15,0,23,4,1
1145,1,21,6,13,1,1
1146,1,4,7,13,1,1
1147,1,12,0,13,1,0
1148,1,8,1,13,1,0
1149,0,7,4,47,7,0
1150,1,4,0,13,1,0
1151,0,21,5,13,1,1
1152,1,22,4,13,1,0
1153,1,17,6,13,1,1
1154,1,8,6,35,2,0
1155,0,15,0,81,7,1
1156,1,9,6,13,1,1
1157,1,3,6,89,4,0
1158,0,15,0,12,4,1
1159,0,15,5,11,4,1
1160,1,13,4,43,2,1
1161,1,5,3,105,4,0
1162,0,20,6,33,4,0
1163,1,13,1,99,4,1
1164,1,21,6,13,2,1
1165,0,15,0,35,4,1
1166,0,15,0,13,1,1
1167,0,2,1,72,2,1
1168,0,15,0,64,7,1
1169,1,6,1,13,1,0
1170,1,7,0,13,1,0
1171,1,20,4,71,2,1
1172,0,15,0,13,1,0
1173,1,8,6,13,1,1
1174,0,15,0,13,1,0
1175,0,15,0,81,7,0
1176,1,13,6,13,1,1
1177,0,15,0,13,1,0
1178,1,15,5,13,1,0
1179,0,20,5,13,1,0
1180,0,15,0,51,7,0
1181,1,3,7,13,1,0
1182,1,4,5,86,7,1
1183,1,9,0,13,4,0
1184,0,19,2,72,7,0
1185,1,14,5,13,2,0
1186,1,17,6,73,2,1
1187,1,1,1,13,1,1
1188,0,7,1,64,7,0
1189,1,8,0,86,2,1
1190,0,15,0,95,4,1
1191,1,2,0,42,7,1
1192,1,5,7,68,7,0
1193,0,3,3,42,7,1
1194,1,13,2,66,2,1
1195,0,4,7,55,7,1
1196,1,4,3,13,1,1
1197,0,15,0,65,7,1
1198,1,5,0,13,1,0
1199,0,15,0,13,4,0
1200,0,15,0,13,1,1
1201,0,9,5,96,7,0
1202,1,0,0,13,1,0
1203,0,17,4,114,6,0
1204,0,15,0,13,1,0
1205,1,14,6,13,1,0
1206,0,1,4,13,1,0
1207,1,10,2,66,2,1
1208,0,16,4,13,1,0
1209,1,19,5,13,1,0
1210,0,5,3,13,1,1
1211,1,8,7,13,1,0
1212,1,8,7,44,2,0
1213,1,3,2,13,1,0
1214,0,15,0,13,1,1
1215,0,2,1,64,4,0
1216,1,13,1,104,2,1
1217,1,6,7,13,1,0
1218,0,15,0,13,1,1
1219,0,8,6,33,4,0
1220,1,11,0,13,1,0
1221,0,15,0,13,1,1
1222,0,10,7,112,4,1
1223,1,6,1,13,2,1
1224,0,15,0,81,7,1
1225,0,12,7,51,2,0
1226,0,15,0,13,1,1
1227,0,3,2,13,1,0
1228,0,15,0,13,1,0
1229,0,4,2,2,1,0
1230,0,15,0,73,7,1
1231,0,4,1,13,1,0
1232,1,17,5,69,4,0
1233,1,4,6,13,2,1
1234,0,1,7,13,1,1
1235,1,14,6,13,1,1
1236,1,8,7,72,7,1
1237,1,18,6,13,1,0
1238,1,21,2,13,1,1
1239,1,1,1,13,1,1
1240,0,7,6,13,1,0
1241,0,16,7,13,1,0
1242,1,4,0,13,1,0
